{
    "continuous": {
        "H1_len": 7.0,
        "H2_len": 6.0,
        "H3_len": 12.0,
        "L1_len": 11.0,
        "L2_len": 7.0,
        "L3_len": 9.0,
        "H3_score": -0.20661157024793386,
        "L1_score": 0.10330578512396693
    },
    "vh_type": "VH3",
    "vl_type": "VK1"
}
